id,patient_id,ccnum,cctype,ccexpmonth,ccexpyear,address1,address2,city,state,zip,created_at,updated_at
1,1,337941246235609,americanexpress,6,2024,91415 Hoepker Alley, ,Las Vegas,NV,89193,2018-05-10 04:36:52,2017-10-19 06:50:32
2,2,3537047451249541,jcb,3,2020,82065 Del Mar Pass, ,Hampton,VA,23663,2018-02-10 02:55:35,2018-04-21 01:02:34
3,3,3542470937686495,jcb,12,2029,2632 Forster Parkway, ,Decatur,IL,62525,2018-03-28 10:44:02,2018-08-13 18:48:59
4,4,5100170326016002,mastercard,2,2023,3654 Vernon Alley, ,Bozeman,MT,59771,2017-11-20 14:42:02,2018-04-03 05:10:02
5,5,67712918251221595,laser,3,2028,562 Rigney Terrace, ,Portland,OR,97286,2018-07-26 10:38:01,2017-06-06 08:08:17
6,6,5602248234465571078,china-unionpay,9,2030,3377 Clove Alley, ,Buffalo,NY,14210,2018-04-08 09:31:10,2018-01-27 22:49:27
7,7,633386522536201937,switch,12,2027,37 Sutteridge Circle, ,Pittsburgh,PA,15266,2017-08-06 15:39:01,2017-09-25 19:35:50
8,8,374283028259356,americanexpress,12,2021,8 Jana Alley, ,Sacramento,CA,95833,2018-05-30 08:51:48,2018-07-14 20:04:26
9,9,3543592775351822,jcb,4,2023,76 Dexter Court, ,Sterling,VA,20167,2017-11-05 15:39:29,2017-11-08 21:30:27
10,10,3570756660173684,jcb,12,2022,67 American Way, ,Oklahoma City,OK,73173,2018-05-17 19:57:30,2018-08-16 20:07:57
11,11,3556430150669696,jcb,6,2024,1 Troy Court, ,Brooklyn,NY,11210,2018-02-12 18:00:48,2018-06-06 02:27:57
12,12,676285956780130270,maestro,10,2030,75 Brentwood Plaza, ,Lansing,MI,48912,2018-02-19 14:24:34,2017-12-28 16:31:22
13,13,30493196896063,diners-club-carte-blanche,4,2030,38057 Veith Point, ,Richmond,VA,23289,2018-07-04 13:33:23,2017-12-28 09:17:48
14,14,6762237346191843029,maestro,4,2027,43 Harper Circle, ,Saint Louis,MO,63196,2018-02-27 14:55:03,2017-08-01 01:13:24
15,15,201471387542756,diners-club-enroute,3,2026,5 Clemons Parkway, ,Colorado Springs,CO,80935,2017-06-12 13:54:09,2017-07-23 02:30:02
16,16,3573008498256647,jcb,7,2020,652 Eagan Park, ,Lynchburg,VA,24515,2017-09-02 23:35:42,2018-01-09 01:50:20
17,17,3555899463622884,jcb,7,2025,9 Buhler Terrace, ,Aiken,SC,29805,2018-05-15 14:27:13,2018-03-03 07:23:16
18,18,5382379260122424,mastercard,7,2030,93919 Park Meadow Center, ,Albuquerque,NM,87180,2017-08-25 01:40:42,2017-11-27 00:11:36
19,19,3550265554554326,jcb,2,2027,65 Declaration Drive, ,New York City,NY,10160,2017-07-10 19:12:15,2017-12-27 18:03:04
20,20,3556640691346733,jcb,11,2022,642 Schmedeman Park, ,New York City,NY,10155,2017-10-01 06:10:49,2018-07-02 14:04:40
21,21,36690949614776,diners-club-international,10,2020,4 Schlimgen Drive, ,Portland,OR,97296,2017-06-09 16:35:10,2018-01-08 19:22:34
22,22,0604611002323596912,maestro,10,2027,07 Cascade Place, ,Philadelphia,PA,19178,2018-09-01 08:49:13,2017-06-03 13:33:13
23,23,5602246912977089,bankcard,10,2029,9663 Havey Park, ,San Francisco,CA,94169,2018-08-25 18:27:08,2017-07-29 04:21:09
24,24,3556016677208868,jcb,1,2022,06 Valley Edge Place, ,Seattle,WA,98121,2018-05-11 08:14:18,2018-08-03 03:41:35
25,25,5434715982350223,mastercard,10,2030,7 Marcy Point, ,Salt Lake City,UT,84170,2017-12-16 00:13:22,2018-05-14 21:16:55
26,26,30070874623058,diners-club-carte-blanche,4,2022,3697 Mallory Court, ,Columbia,SC,29208,2018-01-03 11:17:37,2018-09-03 21:19:32
27,27,3577031005554227,jcb,5,2027,372 Hooker Place, ,Charlotte,NC,28247,2018-06-30 12:30:49,2018-06-16 14:58:50
28,28,3534126530290263,jcb,3,2024,3976 Hallows Point, ,Columbus,OH,43215,2018-04-03 23:33:39,2018-03-19 20:34:15
29,29,67614334391217460,maestro,10,2020,63 Lighthouse Bay Park, ,Minneapolis,MN,55446,2018-03-07 21:31:57,2018-01-08 01:45:08
30,30,4017951994554761,visa,11,2020,78 Myrtle Alley, ,Prescott,AZ,86305,2018-02-08 19:31:49,2017-07-07 22:14:20
31,31,3583598596430217,jcb,1,2023,19991 Rigney Avenue, ,Birmingham,AL,35285,2017-12-10 01:58:57,2018-08-31 06:58:17
32,32,5100170948376016,mastercard,3,2029,7 Holmberg Street, ,Corpus Christi,TX,78470,2018-04-13 01:00:53,2018-08-10 13:50:21
33,33,5469581178614857,diners-club-us-ca,8,2024,51 International Avenue, ,Modesto,CA,95354,2018-08-30 22:46:44,2018-01-17 05:04:58
34,34,5100136680634086,mastercard,2,2021,4345 Hansons Point, ,Springfield,MA,01105,2018-04-27 02:17:14,2017-06-04 09:02:14
35,35,344066363587078,americanexpress,8,2027,5725 Armistice Avenue, ,Chicago,IL,60681,2018-05-18 14:03:10,2017-08-04 09:36:04
36,36,50383066414632219,maestro,5,2029,4 Marcy Road, ,Arlington,TX,76096,2017-06-10 10:41:15,2017-12-16 19:41:49
37,37,3550963801640258,jcb,9,2022,19 Village Point, ,Vero Beach,FL,32969,2017-07-28 03:55:51,2018-03-06 00:45:41
38,38,5018429674133848,maestro,7,2020,7968 Menomonie Alley, ,Plano,TX,75074,2017-09-25 11:23:14,2018-01-20 06:08:54
39,39,5610446774520783,china-unionpay,8,2026,8 Steensland Junction, ,Irvine,CA,92612,2017-11-30 05:05:05,2018-05-21 19:51:37
40,40,4911066517487238,switch,2,2027,5462 Dakota Drive, ,Anchorage,AK,99507,2017-10-21 19:44:18,2017-07-31 15:18:31
41,41,3546417265131491,jcb,3,2021,62452 Little Fleur Circle, ,Des Moines,IA,50315,2018-05-13 20:15:16,2017-08-26 01:47:34
42,42,3585931502768081,jcb,12,2022,53574 Boyd Crossing, ,Watertown,MA,02472,2017-09-24 16:34:22,2018-05-01 19:32:50
43,43,5561326018843952,mastercard,4,2025,9364 Scofield Place, ,Philadelphia,PA,19109,2017-10-30 11:52:23,2018-01-20 14:44:37
44,44,4844421863530101,visa-electron,6,2020,68464 Eastlawn Park, ,Palo Alto,CA,94302,2017-06-20 03:58:08,2017-06-25 22:40:07
45,45,5602235086734152,china-unionpay,9,2029,9088 Raven Hill, ,Shawnee Mission,KS,66215,2018-05-24 14:53:51,2018-03-01 10:56:59
46,46,3546132801566833,jcb,7,2027,26819 Kim Parkway, ,Cincinnati,OH,45296,2017-09-08 15:58:14,2017-12-20 17:34:01
47,47,3586422490348085,jcb,7,2027,039 Arkansas Place, ,New York City,NY,10125,2018-02-21 21:41:41,2017-10-14 14:30:35
48,48,3567743397570973,jcb,2,2021,0 Lawn Lane, ,Austin,TX,78749,2017-07-02 11:42:40,2018-02-18 04:18:26
49,49,4917310532043079,visa-electron,4,2023,33 Carey Road, ,Jacksonville,FL,32204,2018-06-14 04:44:13,2018-08-02 19:30:26
50,50,63043799752411441,maestro,10,2026,95763 Hauk Plaza, ,Cincinnati,OH,45271,2017-12-03 04:27:44,2018-07-23 07:48:44
51,51,5641824377005863099,switch,12,2024,51 Southridge Terrace, ,Portland,OR,97229,2017-07-20 03:23:12,2018-04-10 18:06:19
52,52,3552847975839788,jcb,8,2027,7287 Shoshone Street, ,Tulsa,OK,74170,2018-09-05 04:14:44,2018-09-05 18:45:35
53,53,370899306831279,americanexpress,12,2024,58915 Pearson Trail, ,Cincinnati,OH,45223,2017-07-15 02:58:25,2018-01-19 03:51:31
54,54,3552804282698613,jcb,1,2021,700 Buell Parkway, ,Texarkana,TX,75507,2017-10-14 04:44:54,2018-06-26 08:01:01
55,55,3557448489928772,jcb,4,2022,05726 Jana Lane, ,Tallahassee,FL,32399,2017-08-20 01:16:17,2018-05-23 20:00:24
56,56,3577820424072658,jcb,3,2022,00 Center Plaza, ,Boston,MA,02203,2017-12-08 15:41:30,2017-07-11 13:31:21
57,57,3555072333317461,jcb,5,2030,5 Fallview Hill, ,Des Moines,IA,50347,2018-04-23 16:13:39,2018-06-12 19:57:49
58,58,5602247361498072,china-unionpay,7,2026,79158 Summit Point, ,Anchorage,AK,99517,2018-01-17 05:45:37,2018-07-16 10:26:45
59,59,5010123955238586,mastercard,2,2030,344 Haas Circle, ,Oklahoma City,OK,73142,2018-03-02 14:11:04,2017-10-15 19:30:07
60,60,5100139459131094,mastercard,7,2028,75 High Crossing Parkway, ,Washington,DC,20337,2018-03-18 00:52:20,2018-01-25 01:53:45
61,61,6761452829151806086,maestro,1,2020,4 Killdeer Road, ,Dallas,TX,75277,2018-04-20 05:49:19,2017-06-08 15:09:17
62,62,36875727679675,diners-club-international,12,2027,1309 Monica Street, ,Sioux Falls,SD,57110,2018-08-18 21:41:24,2017-06-19 05:36:23
63,63,3554831992761207,jcb,9,2025,19 Victoria Circle, ,San Luis Obispo,CA,93407,2018-08-23 22:46:39,2018-05-06 06:54:14
64,64,3564094160054792,jcb,6,2030,95506 Harper Park, ,Norwalk,CT,06854,2018-01-09 02:04:21,2017-09-13 22:31:23
65,65,30029841335527,diners-club-carte-blanche,4,2029,5893 Sauthoff Way, ,Richmond,VA,23272,2018-01-07 04:29:28,2017-09-03 17:09:49
66,66,201900251985402,diners-club-enroute,10,2021,8314 Artisan Park, ,Roanoke,VA,24048,2017-09-07 04:15:01,2017-12-01 18:53:15
67,67,30207485413079,diners-club-carte-blanche,11,2026,924 Heath Lane, ,San Bernardino,CA,92415,2018-05-28 15:46:31,2017-11-23 18:56:20
68,68,4175000948815155,visa-electron,4,2024,55953 Buell Alley, ,Bonita Springs,FL,34135,2018-07-18 00:11:41,2018-04-29 05:20:41
69,69,5100143932627173,mastercard,1,2026,8 Killdeer Pass, ,Saint Paul,MN,55146,2018-02-03 12:30:22,2017-10-14 10:31:07
70,70,5007668027370895,mastercard,6,2029,7 Maryland Street, ,Arlington,TX,76011,2018-01-09 03:00:23,2018-04-13 23:19:16
71,71,3553046487369488,jcb,10,2028,9822 Mallard Alley, ,El Paso,TX,88589,2018-09-05 18:31:51,2018-06-10 17:19:59
72,72,6767548956252132,solo,7,2023,061 Rutledge Road, ,Oakland,CA,94627,2018-06-02 10:59:53,2017-12-03 03:42:15
73,73,3562677536718371,jcb,11,2030,2 Melrose Court, ,Fort Pierce,FL,34981,2018-04-27 15:06:54,2017-07-22 16:12:21
74,74,490558647235192157,switch,2,2028,754 Walton Terrace, ,Sunnyvale,CA,94089,2018-06-12 23:19:03,2017-10-26 08:42:11
75,75,4041370390740934,visa,5,2021,5316 Myrtle Junction, ,New Orleans,LA,70187,2018-05-05 09:38:10,2017-10-09 04:03:07
76,76,3549276155781022,jcb,2,2026,2 Hudson Road, ,Galveston,TX,77554,2018-01-14 11:44:04,2017-08-11 09:17:17
77,77,3541008793882344,jcb,6,2027,77 Bartillon Center, ,Saint Cloud,MN,56398,2017-07-30 08:48:47,2017-10-31 03:34:39
78,78,3569781482260272,jcb,12,2021,2 Gerald Point, ,Orange,CA,92668,2017-07-22 18:16:52,2017-11-22 13:22:29
79,79,30265926301097,diners-club-carte-blanche,8,2029,598 Graceland Point, ,Gainesville,FL,32610,2017-06-02 23:25:02,2018-05-23 15:32:02
80,80,3576949363821261,jcb,9,2025,02549 Vera Alley, ,Palatine,IL,60078,2018-02-15 23:58:46,2018-05-24 04:07:57
81,81,5602241928796547569,china-unionpay,1,2023,9 Dunning Pass, ,Garland,TX,75044,2017-07-15 12:17:33,2018-05-31 11:02:49
82,82,5002358413691790,mastercard,6,2026,38788 South Alley, ,Oklahoma City,OK,73104,2018-04-20 11:06:17,2018-08-10 09:37:12
83,83,201953515431838,diners-club-enroute,6,2020,19 Fairfield Street, ,Miami,FL,33233,2018-06-10 13:21:05,2018-05-15 04:30:42
84,84,5641821640746874,switch,1,2022,15429 Westend Circle, ,Denton,TX,76205,2017-11-08 19:12:20,2018-06-24 17:41:28
85,85,3548898247140379,jcb,6,2023,1 Magdeline Alley, ,Minneapolis,MN,55428,2017-12-16 06:46:24,2017-10-19 03:41:14
86,86,3543231262095275,jcb,6,2026,24 Loeprich Road, ,Jackson,MS,39236,2017-06-27 01:42:13,2018-06-04 07:29:37
87,87,3569453332750650,jcb,4,2022,74 High Crossing Place, ,Richmond,VA,23242,2017-10-20 12:30:01,2018-01-07 01:15:03
88,88,5610693123069273,bankcard,6,2029,0342 Birchwood Avenue, ,San Jose,CA,95160,2018-08-15 04:34:44,2018-07-27 03:15:29
89,89,5100173742941795,mastercard,10,2030,40 Gerald Hill, ,Boise,ID,83711,2018-02-03 02:53:25,2018-03-27 22:28:21
90,90,201634240360308,diners-club-enroute,2,2025,99780 Linden Alley, ,Oklahoma City,OK,73114,2017-12-10 09:49:17,2017-07-09 17:23:39
91,91,3586369588706551,jcb,6,2026,5115 Warbler Court, ,Tallahassee,FL,32304,2018-03-07 15:39:05,2018-01-16 07:50:47
92,92,3584920894950374,jcb,1,2021,0555 Del Mar Lane, ,Jackson,MS,39296,2018-06-08 03:59:25,2018-02-01 02:05:35
93,93,3588912864593603,jcb,10,2022,8 Kenwood Hill, ,Santa Barbara,CA,93106,2017-10-06 14:31:34,2018-06-15 13:13:34
94,94,30133756468743,diners-club-carte-blanche,11,2026,2 Emmet Court, ,Mesa,AZ,85215,2018-08-30 16:35:52,2017-06-30 21:49:54
95,95,4041375788239,visa,12,2023,4342 Shelley Terrace, ,Tampa,FL,33661,2017-09-29 20:12:25,2018-02-03 10:48:16
96,96,6767509870983004,solo,12,2020,414 Gale Street, ,New York City,NY,10203,2017-07-22 07:05:52,2017-08-22 16:20:23
97,97,5002352377719515,mastercard,2,2022,1 Fremont Center, ,Missoula,MT,59806,2018-02-03 10:23:34,2017-11-24 16:42:28
98,98,4911743650224814,switch,8,2027,37 Roxbury Circle, ,Chicago,IL,60636,2018-08-31 22:44:51,2018-08-04 10:14:39
99,99,3583490775749544,jcb,3,2028,5066 Macpherson Street, ,Boston,MA,02216,2018-01-20 00:17:47,2018-05-05 12:41:29
100,100,5100134226049141,mastercard,12,2022,290 Spaight Junction, ,Ogden,UT,84403,2017-08-29 23:28:26,2018-05-16 16:10:37
101,101,3557639081717940,jcb,1,2027,13 Melvin Avenue, ,Visalia,CA,93291,2017-11-28 15:20:18,2017-06-10 01:10:34
102,102,5602246530080225,bankcard,1,2029,5429 Oak Way, ,Reno,NV,89519,2017-11-04 10:35:39,2017-07-28 03:51:36
103,103,3589006313945545,jcb,3,2025,92 Park Meadow Plaza, ,Phoenix,AZ,85030,2018-03-21 00:50:38,2018-04-26 13:03:35
104,104,3561479791721617,jcb,2,2029,9 Northwestern Center, ,Tucson,AZ,85705,2018-01-12 12:17:20,2018-01-02 01:58:24
105,105,3550414906154159,jcb,11,2028,524 Fair Oaks Junction, ,Fort Lauderdale,FL,33355,2017-07-19 20:56:24,2018-05-12 06:43:37
106,106,374622389426809,americanexpress,5,2026,8 Summerview Street, ,Honolulu,HI,96845,2017-06-18 12:17:16,2018-01-11 23:34:36
107,107,5100135339085237,mastercard,7,2026,9 Talmadge Alley, ,Houston,TX,77040,2017-09-28 17:36:46,2018-02-03 08:12:46
108,108,3554081570314231,jcb,8,2025,4 Carioca Road, ,Erie,PA,16534,2018-05-04 08:06:33,2018-02-17 22:45:34
109,109,3541720172575667,jcb,12,2028,0120 Sherman Trail, ,Arlington,VA,22212,2018-07-29 21:38:16,2017-09-25 06:06:30
110,110,374622498862977,americanexpress,7,2021,1 Miller Trail, ,Tampa,FL,33615,2018-04-08 23:00:02,2017-08-29 16:59:38
111,111,3574687044654501,jcb,7,2026,3 Mcguire Junction, ,Cumming,GA,30130,2018-02-01 06:56:34,2017-09-17 17:06:46
112,112,4913551755055043,visa-electron,3,2024,16 Ridgeway Street, ,Tallahassee,FL,32399,2018-02-16 11:25:44,2018-05-06 04:59:03
113,113,06048264895249749,maestro,2,2020,7 Declaration Parkway, ,New Orleans,LA,70142,2018-08-09 10:25:07,2017-08-14 15:51:37
114,114,4508547330852558,visa-electron,4,2022,95397 Grim Alley, ,Bonita Springs,FL,34135,2018-01-25 08:44:01,2018-09-11 23:00:31
115,115,5048379944080960,mastercard,10,2022,91 Dexter Alley, ,New Orleans,LA,70160,2017-08-28 09:47:20,2017-11-30 21:49:18
116,116,372301510611975,americanexpress,1,2023,415 Maryland Pass, ,Richmond,VA,23293,2018-04-29 00:54:49,2017-11-07 04:29:53
117,117,5002350195579707,mastercard,5,2020,2 Mcbride Street, ,Boise,ID,83727,2018-06-13 08:27:42,2018-04-25 14:37:47
118,118,5641820090774234996,switch,8,2027,1 Kropf Parkway, ,Evanston,IL,60208,2017-06-08 23:57:47,2018-03-05 00:05:08
119,119,3566026105041938,jcb,1,2023,824 Little Fleur Avenue, ,Oakland,CA,94627,2018-01-31 18:43:53,2018-04-13 16:58:28
120,120,3575513333135821,jcb,11,2026,3452 Browning Avenue, ,Clearwater,FL,33758,2018-03-16 08:17:30,2017-12-20 21:27:52
121,121,36805400283289,diners-club-international,12,2022,0326 Weeping Birch Terrace, ,Marietta,GA,30061,2018-04-23 15:34:43,2018-06-30 15:26:04
122,122,30419717588707,diners-club-carte-blanche,8,2025,4 Clarendon Road, ,Tacoma,WA,98447,2018-02-19 05:50:50,2017-09-15 14:04:00
123,123,4844045940950048,visa-electron,12,2023,1 La Follette Terrace, ,Austin,TX,78744,2018-08-15 22:08:30,2017-10-08 09:27:57
124,124,3562987681130391,jcb,3,2021,82 Sutherland Park, ,Naperville,IL,60567,2018-04-22 10:38:50,2018-06-26 21:42:16
125,125,4936163732226524,switch,10,2027,95828 Heath Place, ,Fresno,CA,93721,2018-04-14 19:43:45,2018-06-03 00:59:13
126,126,5610032613032907,bankcard,10,2023,7690 Johnson Circle, ,Kansas City,MO,64142,2018-01-30 08:04:16,2017-07-21 04:32:28
127,127,3585192318440007,jcb,9,2024,9390 Moland Lane, ,Tucson,AZ,85720,2018-06-21 17:04:53,2017-08-27 06:55:19
128,128,6373281943519324,instapayment,6,2021,69 Mcbride Road, ,Louisville,KY,40293,2017-06-11 11:34:01,2018-08-06 16:35:34
129,129,30408024168733,diners-club-carte-blanche,9,2029,22011 Morrow Park, ,Washington,DC,20599,2018-07-17 02:00:54,2018-07-30 23:21:39
130,130,56101622603651101,china-unionpay,9,2030,1645 Rutledge Park, ,Houston,TX,77293,2018-01-09 12:02:01,2018-07-05 18:41:15
131,131,5556471007383417,diners-club-us-ca,4,2026,3983 Monterey Trail, ,Arlington,VA,22205,2018-08-23 19:43:50,2017-08-08 09:01:35
132,132,3589060005223299,jcb,12,2021,39391 Hovde Drive, ,New York City,NY,10110,2017-07-11 23:08:31,2018-02-07 17:21:37
133,133,5007662893832211,mastercard,8,2024,92961 Hoffman Crossing, ,Washington,DC,56944,2017-10-05 13:01:14,2017-07-12 10:29:03
134,134,4017958798696,visa,11,2027,1 Sachs Court, ,Montgomery,AL,36109,2018-06-05 09:12:01,2017-07-13 06:10:21
135,135,3578525025937899,jcb,8,2023,004 Grasskamp Center, ,Monroe,LA,71213,2017-07-16 15:42:10,2018-08-29 06:25:40
136,136,3570863586830320,jcb,7,2020,7 Paget Pass, ,Bakersfield,CA,93305,2018-06-29 18:14:19,2017-08-20 06:16:38
137,137,4405059285767769,visa-electron,3,2027,2 Cambridge Center, ,Jackson,MS,39282,2018-03-28 11:31:09,2018-01-13 01:25:00
138,138,4903813208660304,switch,5,2030,26 Forest Run Junction, ,Midland,MI,48670,2017-07-31 10:52:52,2017-11-30 01:51:10
139,139,3535423163287503,jcb,2,2028,9397 Clyde Gallagher Plaza, ,Boise,ID,83716,2017-08-26 01:35:15,2017-10-04 02:50:20
140,140,3560160537623728,jcb,4,2022,4012 Shoshone Trail, ,Springfield,MA,01152,2018-04-12 00:32:04,2018-03-05 07:38:59
141,141,3547352925109646,jcb,5,2025,11935 Fuller Junction, ,Lynn,MA,01905,2017-08-27 14:56:25,2017-07-18 23:18:45
142,142,3561508676918268,jcb,3,2030,751 Bonner Avenue, ,Stamford,CT,06905,2017-12-23 20:26:09,2017-11-29 14:54:51
143,143,3529291506312736,jcb,1,2025,649 Killdeer Center, ,Huntington,WV,25709,2018-04-28 14:25:36,2018-08-22 23:02:12
144,144,3548728192778438,jcb,7,2027,5 Emmet Pass, ,Hyattsville,MD,20784,2017-06-03 14:40:19,2018-06-12 00:48:15
145,145,6376444110744797,instapayment,11,2021,9301 Mallard Court, ,Wichita Falls,TX,76310,2018-01-06 18:25:37,2018-04-17 20:42:51
146,146,374622342085429,americanexpress,4,2022,527 Lawn Center, ,Hartford,CT,06105,2017-10-14 22:29:56,2018-09-06 20:13:23
147,147,4405942477286518,visa-electron,5,2025,38 Milwaukee Junction, ,Tyler,TX,75710,2017-09-06 10:43:30,2018-09-04 23:23:21
148,148,4844094751995411,visa-electron,3,2020,58 Johnson Circle, ,Arvada,CO,80005,2017-06-21 12:29:56,2018-08-26 07:15:43
149,149,3584728121638765,jcb,9,2025,15121 Hansons Drive, ,Austin,TX,78754,2017-06-14 11:18:41,2018-02-13 13:08:47
150,150,3543374359258578,jcb,6,2029,921 Mayer Point, ,Lynchburg,VA,24515,2017-11-24 15:38:13,2018-01-25 10:10:40
151,151,3571208723026060,jcb,2,2027,1 La Follette Place, ,San Antonio,TX,78265,2018-05-21 22:46:16,2018-08-19 16:06:27
152,152,06040605610802758,maestro,12,2028,97880 Harbort Terrace, ,Duluth,MN,55811,2017-08-30 04:25:21,2018-05-24 13:18:54
153,153,4017956556769350,visa,3,2024,1 Tennessee Terrace, ,Minneapolis,MN,55412,2018-05-05 00:13:27,2017-06-28 16:11:36
154,154,56107738135823507,china-unionpay,2,2029,313 Ridge Oak Drive, ,Charlottesville,VA,22903,2017-06-29 09:36:10,2018-02-11 19:16:13
155,155,3575539860974944,jcb,5,2028,28948 Portage Trail, ,Toledo,OH,43635,2018-02-11 04:49:14,2017-10-27 01:23:05
156,156,3578718379145603,jcb,10,2026,62243 Wayridge Way, ,Jacksonville,FL,32255,2018-03-27 21:15:52,2018-03-27 03:01:54
157,157,3566260561258492,jcb,12,2030,72 Bashford Crossing, ,Chattanooga,TN,37410,2018-02-02 00:12:49,2017-07-01 03:19:58
158,158,5100141076035930,mastercard,3,2026,39 Comanche Street, ,Los Angeles,CA,90005,2017-12-26 03:56:14,2017-07-26 03:14:18
159,159,3545882868744548,jcb,11,2020,2633 Buhler Lane, ,Detroit,MI,48224,2018-09-05 01:30:02,2017-10-30 06:35:32
160,160,5574066161532151,diners-club-us-ca,2,2021,9420 John Wall Parkway, ,Baton Rouge,LA,70820,2018-04-03 04:30:46,2018-06-19 11:50:26
161,161,372301273149536,americanexpress,10,2024,21 Lighthouse Bay Court, ,Sunnyvale,CA,94089,2017-06-05 00:39:23,2018-03-12 12:10:30
162,162,5602247303488044230,china-unionpay,3,2020,0 Anderson Crossing, ,Macon,GA,31205,2018-09-01 03:21:28,2017-09-11 21:11:58
163,163,3587428916771015,jcb,6,2021,6 Grover Terrace, ,Omaha,NE,68134,2017-09-27 06:02:57,2018-08-31 05:37:08
164,164,490598865002134069,switch,6,2024,157 Pawling Crossing, ,Orange,CA,92668,2018-04-28 10:42:31,2017-12-01 03:30:21
165,165,3536295363405542,jcb,4,2030,5409 Norway Maple Way, ,Oklahoma City,OK,73124,2018-07-02 02:09:46,2018-03-10 00:48:30
166,166,5602211849429661,bankcard,4,2030,13895 Bartelt Plaza, ,Portland,OR,97271,2017-08-24 08:14:32,2017-12-24 21:59:44
167,167,3532784378599070,jcb,3,2030,62 Hoard Crossing, ,Loretto,MN,55598,2018-03-19 22:22:12,2017-09-06 01:06:10
168,168,3584421211623398,jcb,6,2029,46342 Bashford Road, ,Young America,MN,55551,2018-08-06 06:12:32,2018-06-01 02:52:44
169,169,3548294649532720,jcb,9,2030,29789 Hansons Alley, ,Indianapolis,IN,46231,2017-10-09 23:36:05,2018-04-02 07:53:41
170,170,6759165931053665,maestro,7,2026,13 Mallard Lane, ,Hamilton,OH,45020,2017-07-04 23:55:20,2018-02-12 09:48:36
171,171,374288883025438,americanexpress,8,2027,28 Service Avenue, ,Fort Myers,FL,33913,2017-06-11 18:53:31,2017-10-02 08:50:44
172,172,30366808177108,diners-club-carte-blanche,10,2021,65 Moose Drive, ,Ann Arbor,MI,48107,2017-12-04 02:15:47,2017-06-26 19:30:04
173,173,5312550831383894,mastercard,7,2023,0 Charing Cross Avenue, ,Seminole,FL,34642,2017-10-26 19:00:08,2017-09-25 18:27:22
174,174,5602259338743993,china-unionpay,2,2030,23449 Maple Point, ,Amarillo,TX,79118,2017-10-28 13:20:53,2017-10-21 23:19:55
175,175,6771834511097830,laser,10,2029,419 Evergreen Drive, ,Corona,CA,92878,2017-11-21 02:38:58,2017-11-01 05:31:17
176,176,3585046670967587,jcb,1,2028,207 Briar Crest Court, ,Bloomington,IL,61709,2018-01-22 23:20:49,2018-06-15 14:38:03
177,177,5161923056616250,mastercard,12,2028,3147 Tennessee Terrace, ,Washington,DC,20057,2017-08-08 10:44:42,2017-06-03 15:02:49
178,178,5100149507120742,mastercard,9,2025,11 Moose Lane, ,Birmingham,AL,35231,2018-08-29 02:05:20,2018-05-03 21:48:18
179,179,6395901108153429,instapayment,6,2030,76063 Morrow Junction, ,Philadelphia,PA,19160,2017-12-08 22:58:06,2017-09-14 02:05:45
180,180,3576544614830581,jcb,11,2023,48228 Dwight Circle, ,Orlando,FL,32835,2018-01-23 15:57:22,2017-09-21 12:50:33
181,181,4026548399115484,visa-electron,12,2020,09 Cascade Street, ,Louisville,KY,40293,2017-10-20 22:45:55,2018-07-30 11:02:59
182,182,36747635174539,diners-club-international,10,2022,2 Johnson Alley, ,Minneapolis,MN,55412,2017-07-08 03:40:33,2017-07-15 10:53:46
183,183,5002353462220765,mastercard,1,2020,864 Twin Pines Hill, ,Las Cruces,NM,88006,2017-12-30 09:12:29,2018-07-06 10:09:13
184,184,201916860626427,diners-club-enroute,3,2020,4 Hermina Point, ,Charlotte,NC,28263,2018-01-17 10:14:32,2017-07-12 08:37:09
185,185,3533930442271993,jcb,2,2021,6248 Packers Way, ,Kansas City,KS,66160,2018-08-23 09:06:42,2018-07-08 14:06:50
186,186,4175007989968488,visa-electron,12,2024,73 Cascade Alley, ,Migrate,KY,41905,2017-12-19 22:02:57,2018-02-04 04:03:56
187,187,5437372107603354,mastercard,8,2026,628 Johnson Plaza, ,Lynchburg,VA,24503,2018-08-01 09:25:22,2017-09-05 22:02:28
188,188,3589062994766601,jcb,4,2024,00 Sunbrook Center, ,Boston,MA,02104,2018-06-27 09:48:19,2018-03-04 09:53:42
189,189,4508149271336699,visa-electron,2,2030,228 Nelson Center, ,Omaha,NE,68124,2017-08-24 08:40:54,2017-08-30 23:08:39
190,190,67713143654750178,laser,12,2023,657 Everett Road, ,Stockton,CA,95210,2018-07-02 05:24:06,2018-04-13 09:22:31
191,191,3544731463914736,jcb,1,2020,6155 Algoma Trail, ,Cincinnati,OH,45223,2018-01-27 13:10:13,2018-05-27 23:03:27
192,192,4913278628680365,visa-electron,10,2029,6 Scoville Parkway, ,Charlotte,NC,28299,2017-12-11 07:08:27,2018-07-06 01:49:21
193,193,6763098875732503,maestro,9,2025,7 Clemons Point, ,Palo Alto,CA,94302,2018-04-12 19:07:06,2017-08-03 16:12:26
194,194,5602231135216309,bankcard,6,2027,0 Park Meadow Trail, ,Stockton,CA,95205,2017-07-22 00:11:37,2018-07-24 02:36:57
195,195,4678662158234583,visa,10,2020,9908 Jenifer Place, ,Erie,PA,16565,2017-07-05 23:49:19,2017-11-28 23:38:46
196,196,4917865870300720,visa-electron,12,2024,023 Shelley Point, ,Littleton,CO,80126,2018-09-02 05:43:31,2017-11-21 05:00:18
197,197,3588361884215492,jcb,2,2027,69554 Thackeray Terrace, ,Los Angeles,CA,90065,2017-11-20 21:47:46,2017-11-28 12:20:15
198,198,6390879154106803,instapayment,8,2023,46 Randy Way, ,Buffalo,NY,14269,2017-09-27 04:32:29,2018-03-18 12:03:07
199,199,5010124528715480,mastercard,1,2030,4 Atwood Crossing, ,Spartanburg,SC,29319,2018-02-17 22:14:11,2018-01-03 17:52:53
200,200,67598551343223730,maestro,5,2021,53630 Michigan Drive, ,Madison,WI,53705,2017-11-11 02:09:03,2017-12-18 04:39:47
201,201,4041372102517,visa,10,2027,8148 Welch Crossing, ,El Paso,TX,88514,2018-08-12 01:04:03,2017-09-24 08:32:57
202,202,6333972809033182764,switch,11,2021,4 Vidon Alley, ,Houston,TX,77050,2018-04-26 10:12:20,2017-09-26 20:55:32
203,203,3580126863164260,jcb,6,2027,986 Village Green Lane, ,Petaluma,CA,94975,2018-05-26 23:48:25,2018-07-31 10:31:03
204,204,6771251131059305366,laser,3,2026,9 Green Ridge Street, ,Van Nuys,CA,91406,2017-07-10 10:15:12,2018-06-12 18:05:17
205,205,4017953090883466,visa,8,2024,56 Mockingbird Drive, ,Terre Haute,IN,47805,2017-06-04 09:52:51,2018-05-07 15:12:10
206,206,201465837627837,diners-club-enroute,10,2021,4 Thackeray Crossing, ,Saint Louis,MO,63104,2017-10-21 19:49:19,2018-04-11 19:49:33
207,207,3579578097907000,jcb,12,2020,38603 Bartillon Pass, ,Honolulu,HI,96845,2018-05-03 16:33:34,2017-07-06 07:08:45
208,208,63044882828013554,laser,12,2020,560 Susan Lane, ,Chandler,AZ,85246,2018-05-15 11:05:13,2018-06-11 07:56:58
209,209,30282572972584,diners-club-carte-blanche,3,2021,3 Clyde Gallagher Lane, ,Detroit,MI,48224,2018-06-29 00:58:25,2017-10-22 00:54:48
210,210,6761078108815723,maestro,12,2029,71 Farwell Trail, ,Bronx,NY,10469,2017-11-04 06:49:54,2017-08-21 15:45:14
211,211,060463581555849259,maestro,8,2029,8 Eggendart Parkway, ,Portsmouth,NH,03804,2017-07-29 17:51:34,2018-01-22 17:15:40
212,212,201492844969945,diners-club-enroute,9,2030,44 Michigan Park, ,El Paso,TX,79923,2018-05-23 16:14:39,2018-07-23 01:45:51
213,213,3540752573169825,jcb,9,2028,07 Namekagon Trail, ,Dallas,TX,75265,2017-12-18 14:56:50,2018-03-19 23:44:04
214,214,341442610901342,americanexpress,6,2020,648 Drewry Park, ,Anderson,IN,46015,2017-08-25 05:43:13,2017-12-17 23:07:29
215,215,30447057465251,diners-club-carte-blanche,8,2027,8763 Vermont Trail, ,Boston,MA,02298,2017-11-29 10:27:10,2018-01-09 13:07:44
216,216,50205725813850641,maestro,2,2021,19089 Mayer Center, ,Washington,DC,20238,2018-05-05 19:16:07,2018-02-25 22:20:45
217,217,4917521159851269,visa-electron,1,2027,1 Pankratz Terrace, ,Providence,RI,02905,2017-07-24 19:05:38,2017-07-29 05:29:01
218,218,6333159863348230,switch,4,2030,41511 New Castle Alley, ,Greenville,SC,29615,2018-05-31 16:29:51,2018-05-28 14:48:24
219,219,4936133403647177341,switch,8,2020,80163 Stoughton Park, ,Greensboro,NC,27425,2018-05-26 15:34:55,2018-03-07 07:54:52
220,220,3552804239345714,jcb,7,2028,4236 Weeping Birch Junction, ,Atlanta,GA,30368,2017-11-23 14:55:33,2017-07-13 13:10:49
221,221,3552982769223400,jcb,2,2023,92 Beilfuss Court, ,San Francisco,CA,94147,2018-01-05 06:56:43,2018-08-27 04:23:56
222,222,5602214724507908,bankcard,2,2027,01631 Coolidge Junction, ,Des Moines,IA,50347,2017-12-05 03:02:56,2017-07-14 02:23:37
223,223,5602225060441643,bankcard,12,2021,0 Bluestem Way, ,Seattle,WA,98127,2017-11-03 19:06:05,2018-08-30 12:19:37
224,224,3543154505626351,jcb,5,2030,8 Goodland Circle, ,Reno,NV,89510,2017-12-29 23:05:56,2018-07-23 23:47:48
225,225,3528608843804540,jcb,10,2025,15762 Buell Point, ,Saint Paul,MN,55172,2018-06-15 14:02:18,2018-07-09 15:23:32
226,226,30136266609995,diners-club-carte-blanche,3,2020,3026 Ilene Parkway, ,Mesquite,TX,75185,2017-12-29 17:47:39,2017-08-24 10:14:31
227,227,30015849132677,diners-club-carte-blanche,1,2025,45 Leroy Street, ,Honolulu,HI,96810,2017-07-10 09:34:06,2018-05-28 22:43:07
228,228,3541294218377108,jcb,9,2023,5217 Golf View Pass, ,San Antonio,TX,78230,2018-08-05 05:32:49,2018-05-24 19:33:16
229,229,5100171070903981,mastercard,4,2020,79730 Sheridan Street, ,Shawnee Mission,KS,66225,2018-05-26 03:32:29,2017-12-29 08:48:28
230,230,5602244219288961,china-unionpay,9,2026,91 5th Avenue, ,Honolulu,HI,96850,2017-09-12 14:56:36,2017-12-19 13:21:58
231,231,3543598327935095,jcb,11,2025,51 Anniversary Pass, ,Bradenton,FL,34205,2018-07-23 07:38:56,2018-05-06 01:27:21
232,232,3562926065605669,jcb,8,2021,57 Hollow Ridge Plaza, ,Utica,NY,13505,2017-06-12 12:44:37,2018-04-08 08:46:30
233,233,5610057209410613,bankcard,9,2021,824 John Wall Junction, ,Washington,DC,20268,2018-01-01 10:40:57,2017-10-06 05:37:20
234,234,5007663260616989,mastercard,10,2025,730 Amoth Drive, ,Olympia,WA,98506,2017-09-26 07:19:27,2017-06-03 17:15:00
235,235,3543667113802163,jcb,9,2026,000 Ryan Street, ,San Francisco,CA,94169,2018-06-17 00:46:55,2018-08-30 12:45:17
236,236,5542258893900934,diners-club-us-ca,5,2024,224 Mccormick Park, ,Aurora,CO,80044,2017-10-31 10:09:57,2017-12-06 09:50:05
237,237,6304905090544453,maestro,6,2020,7368 Emmet Plaza, ,Louisville,KY,40287,2018-05-25 10:00:43,2018-04-04 07:25:31
238,238,3538662099316244,jcb,1,2025,72 Dapin Crossing, ,Austin,TX,78759,2018-04-13 22:32:25,2017-10-05 10:32:06
239,239,3574832725323030,jcb,8,2025,98295 Steensland Court, ,Buffalo,NY,14269,2017-09-22 16:00:49,2017-11-09 06:41:24
240,240,30199618794485,diners-club-carte-blanche,12,2026,3600 Myrtle Junction, ,Indianapolis,IN,46278,2017-10-29 17:23:16,2018-04-22 15:31:51
241,241,5430815923183453,mastercard,2,2021,72696 Hermina Circle, ,Chicago,IL,60619,2018-09-06 15:30:53,2017-07-12 10:51:19
242,242,3528196109566623,jcb,11,2025,3 Eagan Junction, ,North Hollywood,CA,91616,2018-01-14 03:57:25,2018-03-28 15:00:22
243,243,6304540768725463318,laser,10,2027,3 Manley Court, ,San Diego,CA,92145,2017-10-25 17:48:46,2017-10-23 22:12:28
244,244,5568970594326636,mastercard,10,2030,8 Vahlen Plaza, ,Boise,ID,83757,2017-11-15 10:31:10,2018-08-13 10:24:20
245,245,5602221145013192,bankcard,12,2024,5645 Daystar Trail, ,Lynchburg,VA,24515,2017-06-23 21:36:30,2017-11-24 20:29:55
246,246,6331108952385323247,switch,8,2020,70 Arkansas Way, ,Akron,OH,44305,2017-10-02 08:41:07,2018-03-05 03:17:16
247,247,6380823877011686,instapayment,8,2021,82046 Bunting Road, ,Syracuse,NY,13224,2017-07-26 06:50:06,2018-07-22 11:23:25
248,248,56100711778157084,china-unionpay,8,2027,69 Mitchell Crossing, ,Washington,DC,20260,2018-07-28 13:38:09,2018-02-25 21:05:47
249,249,5100149869973936,mastercard,10,2025,012 Redwing Plaza, ,San Bernardino,CA,92424,2017-10-22 19:03:13,2018-06-27 20:43:43
250,250,3532460523112461,jcb,2,2023,74999 Mifflin Place, ,Washington,DC,20022,2018-05-13 08:10:26,2017-11-05 01:36:36
251,251,201866096970083,diners-club-enroute,11,2024,799 Larry Circle, ,Independence,MO,64054,2017-12-26 05:11:18,2017-09-12 06:53:46
252,252,5048373588117881,mastercard,12,2020,0586 Norway Maple Place, ,Lubbock,TX,79491,2018-05-28 11:22:30,2017-12-30 03:06:44
253,253,3528389302301654,jcb,10,2023,7 Burrows Point, ,Greensboro,NC,27455,2017-07-22 17:24:08,2018-05-04 17:19:54
254,254,3543273303698048,jcb,4,2028,6763 Kedzie Circle, ,Dayton,OH,45419,2017-08-28 19:04:05,2017-09-09 09:01:15
255,255,3542776336859800,jcb,10,2029,78954 Morning Court, ,Dallas,TX,75277,2018-08-05 03:21:59,2018-05-24 23:15:47
256,256,060459664509586270,maestro,9,2020,1438 Del Mar Trail, ,Phoenix,AZ,85040,2017-06-07 20:08:24,2017-08-18 15:53:46
257,257,5100148572384225,mastercard,6,2030,36 Stone Corner Avenue, ,Levittown,PA,19058,2018-03-08 10:41:44,2018-03-25 14:49:08
258,258,337941749785910,americanexpress,1,2030,4229 Steensland Circle, ,Charlotte,NC,28205,2018-06-25 11:35:47,2018-02-16 12:58:49
259,259,3577714305709647,jcb,5,2020,070 Commercial Plaza, ,Kansas City,MO,64187,2018-03-14 13:11:43,2018-03-14 20:52:33
260,260,3588927847891965,jcb,7,2022,7 Paget Street, ,Washington,DC,20525,2017-10-14 09:44:05,2018-03-24 12:18:34
261,261,5602212680393628,bankcard,10,2028,9 Lakewood Gardens Plaza, ,Amarillo,TX,79188,2017-09-27 15:32:19,2018-06-06 12:26:07
262,262,5602215565879355,bankcard,3,2029,37144 Mariners Cove Point, ,Sacramento,CA,94286,2018-05-03 09:29:25,2018-06-06 14:14:45
263,263,6333665663714340429,switch,2,2027,2560 Redwing Street, ,Suffolk,VA,23436,2017-06-02 10:19:47,2018-06-27 00:28:58
264,264,3538803897327799,jcb,8,2030,38 Chinook Street, ,Boise,ID,83716,2018-02-17 16:01:16,2018-02-16 01:15:35
265,265,201849135268594,diners-club-enroute,4,2029,12072 Ramsey Terrace, ,Santa Cruz,CA,95064,2017-11-03 11:07:16,2017-09-12 08:49:42
266,266,3573687397979225,jcb,12,2027,52380 Leroy Plaza, ,El Paso,TX,88541,2018-04-19 05:17:04,2017-10-10 12:35:12
267,267,3580831668693963,jcb,8,2026,5 Brown Junction, ,Austin,TX,78749,2018-01-17 21:49:06,2017-10-19 19:46:21
268,268,30596673514882,diners-club-carte-blanche,1,2020,42660 Aberg Drive, ,Shawnee Mission,KS,66215,2017-09-18 20:46:25,2018-01-23 02:35:32
269,269,67630289662746276,maestro,9,2020,6989 Melrose Park, ,Atlanta,GA,31136,2018-03-31 11:29:35,2017-10-24 11:39:58
270,270,50207907516680313,maestro,1,2024,85 Merchant Center, ,Canton,OH,44760,2018-02-19 01:36:21,2017-08-28 01:17:37
271,271,3529283224270452,jcb,2,2030,15 Bobwhite Trail, ,Saint Petersburg,FL,33705,2017-09-21 12:55:05,2018-05-15 17:50:04
272,272,201598831104716,diners-club-enroute,3,2024,421 Atwood Junction, ,Annapolis,MD,21405,2018-06-14 14:32:18,2018-05-16 02:04:23
273,273,5602230788820771,bankcard,12,2025,79139 Gulseth Plaza, ,Chicago,IL,60624,2018-07-23 14:06:50,2018-03-26 00:43:52
274,274,5002359347769587,mastercard,6,2025,6 Brickson Park Road, ,Las Vegas,NV,89193,2017-12-23 11:53:30,2018-02-18 14:44:12
275,275,3561199813545667,jcb,3,2027,07906 Moulton Alley, ,Fort Pierce,FL,34981,2018-01-04 06:34:14,2018-07-03 13:41:03
276,276,201572245177022,diners-club-enroute,5,2022,30515 Westend Road, ,Santa Cruz,CA,95064,2017-11-10 06:10:51,2018-06-15 16:40:49
277,277,3566670523712255,jcb,11,2025,90 Arkansas Hill, ,Tucson,AZ,85715,2018-05-11 14:16:38,2017-10-11 15:05:02
278,278,3578542639185146,jcb,4,2028,97029 Sheridan Plaza, ,Lancaster,CA,93584,2018-02-28 20:12:40,2018-01-07 12:22:28
279,279,337941328500250,americanexpress,7,2029,8371 Jana Parkway, ,Jackson,MS,39204,2018-06-01 14:35:29,2018-02-23 20:11:56
280,280,3546184781097446,jcb,11,2028,003 Acker Way, ,Phoenix,AZ,85010,2018-05-12 13:19:01,2018-08-20 19:57:17
281,281,201907849623775,diners-club-enroute,8,2030,7 Macpherson Hill, ,Denver,CO,80209,2017-06-25 23:07:24,2017-11-15 16:03:57
282,282,3551331307400065,jcb,11,2026,7641 Fuller Crossing, ,Shawnee Mission,KS,66286,2018-05-02 01:32:21,2017-12-07 12:48:41
283,283,5602225944254048,bankcard,11,2028,65796 Drewry Place, ,Raleigh,NC,27658,2018-05-31 11:41:09,2018-07-10 03:42:48
284,284,633487259722702257,solo,10,2025,50 Continental Point, ,Houston,TX,77260,2017-11-17 06:58:38,2018-07-28 03:24:54
285,285,3577882691335358,jcb,9,2020,49944 American Ash Point, ,Huntsville,AL,35810,2017-10-19 21:37:12,2017-09-05 06:51:04
286,286,3584005437529578,jcb,6,2029,7200 Judy Way, ,Erie,PA,16534,2018-07-27 23:26:31,2018-05-19 13:31:59
287,287,3565064934182608,jcb,6,2022,316 Dakota Way, ,Duluth,MN,55805,2018-07-10 13:47:47,2017-10-07 06:25:05
288,288,670977469062765132,laser,2,2030,8 Lakewood Gardens Hill, ,Visalia,CA,93291,2018-04-17 16:37:15,2018-08-01 17:06:39
289,289,349850934050293,americanexpress,3,2030,9009 Mcguire Alley, ,Santa Monica,CA,90405,2017-12-12 23:28:02,2018-06-18 03:14:28
290,290,30315928620000,diners-club-carte-blanche,12,2027,957 Basil Lane, ,Knoxville,TN,37939,2017-10-31 16:28:39,2017-11-07 21:35:49
291,291,4508466915670410,visa-electron,5,2030,3 Schmedeman Hill, ,Rochester,NY,14639,2017-11-05 00:23:55,2018-08-28 13:37:09
292,292,3565326738464049,jcb,2,2026,9303 Sommers Parkway, ,Lynchburg,VA,24515,2017-09-20 14:14:22,2018-05-18 17:32:25
293,293,4518505762427503,visa,4,2025,6 Golf Course Lane, ,Maple Plain,MN,55572,2018-07-09 03:48:52,2017-08-12 07:42:33
294,294,3541909917168694,jcb,9,2023,153 American Ash Court, ,Kalamazoo,MI,49048,2017-10-25 15:31:50,2018-04-14 17:25:31
295,295,560223767580997250,china-unionpay,12,2021,3 Village Trail, ,Santa Monica,CA,90410,2018-08-11 22:53:30,2017-09-08 11:04:07
296,296,4405665123054952,visa-electron,3,2030,67478 Elgar Hill, ,Cleveland,OH,44185,2018-08-07 14:23:29,2017-06-15 13:28:42
297,297,6706932077911400023,laser,1,2024,23189 Luster Circle, ,San Antonio,TX,78240,2018-06-22 21:47:07,2017-06-15 21:13:19
298,298,3540680358917292,jcb,12,2023,74269 Westerfield Trail, ,Columbus,OH,43204,2017-12-28 10:58:14,2018-02-06 10:43:05
299,299,30599971055327,diners-club-carte-blanche,12,2027,3271 Duke Plaza, ,Houston,TX,77020,2017-08-13 11:08:04,2017-07-28 11:44:12
300,300,201776832504494,diners-club-enroute,7,2020,465 Riverside Trail, ,Sacramento,CA,94297,2017-06-22 08:41:38,2017-12-13 06:23:09
301,301,6333027076074731637,switch,10,2021,2953 Namekagon Street, ,Houston,TX,77260,2018-04-03 21:33:46,2018-01-16 16:43:09
302,302,3582289551423337,jcb,3,2021,3502 Everett Trail, ,Virginia Beach,VA,23471,2017-11-27 17:40:04,2017-10-04 03:09:37
303,303,3577258764889706,jcb,8,2030,77783 Kennedy Way, ,Largo,FL,33777,2018-04-14 23:44:07,2017-10-27 21:55:22
304,304,5010127931743270,mastercard,9,2023,834 Hansons Plaza, ,Rockville,MD,20851,2018-09-08 09:15:41,2017-12-23 08:19:48
305,305,5602214147482432,bankcard,11,2029,7 Manley Crossing, ,Oklahoma City,OK,73114,2017-09-05 06:05:43,2017-11-22 15:51:32
306,306,5556209375115270,diners-club-us-ca,5,2025,07499 Forster Center, ,Columbia,SC,29203,2018-03-15 12:10:24,2017-12-03 06:39:50
307,307,4041592112759,visa,12,2030,68 Knutson Hill, ,Huntsville,AL,35805,2017-09-30 07:48:20,2017-10-15 20:20:13
308,308,3564771120542970,jcb,9,2026,9688 Clove Parkway, ,Washington,DC,20436,2018-08-07 06:07:31,2017-06-21 16:30:54
309,309,06040008217087446,maestro,12,2024,8628 Cambridge Road, ,Provo,UT,84605,2018-02-21 05:44:35,2018-01-22 12:07:15
310,310,56022307736632451,china-unionpay,7,2028,224 Vermont Street, ,Memphis,TN,38109,2018-07-07 20:48:29,2018-03-20 05:31:18
311,311,5602217750376379,bankcard,2,2026,517 Marcy Place, ,New Hyde Park,NY,11044,2017-07-04 05:08:16,2018-05-21 19:08:24
312,312,50184166598647370,maestro,12,2027,89 Meadow Valley Point, ,Las Vegas,NV,89135,2018-02-15 08:11:40,2017-07-27 10:09:00
313,313,4405116787544722,visa-electron,1,2020,383 Jay Junction, ,Washington,DC,20535,2017-08-10 01:31:35,2018-02-05 11:44:39
314,314,5215886038610939,mastercard,10,2020,9 Brentwood Park, ,Springfield,MO,65898,2017-09-27 22:26:30,2017-12-02 02:38:32
315,315,3570767227662853,jcb,9,2028,58775 Warner Parkway, ,Ann Arbor,MI,48107,2018-07-14 08:31:56,2018-02-26 14:03:05
316,316,6333808593778401,switch,12,2025,116 Sauthoff Road, ,Austin,TX,78783,2017-10-05 16:39:50,2017-12-03 00:31:32
317,317,3538689855320540,jcb,11,2030,71 Jenna Crossing, ,Toledo,OH,43605,2017-08-26 11:39:58,2017-09-09 01:47:46
318,318,5048372501763169,mastercard,5,2027,605 Mandrake Crossing, ,Pensacola,FL,32505,2018-08-26 21:53:42,2017-08-01 20:30:19
319,319,589315036432419808,maestro,11,2025,3992 Hoffman Trail, ,San Diego,CA,92176,2017-10-05 09:27:09,2018-01-14 14:11:10
320,320,3573003101534555,jcb,12,2028,7 Hoffman Avenue, ,Lincoln,NE,68531,2017-12-21 20:34:32,2018-08-16 20:16:18
321,321,3546263092044832,jcb,3,2023,7777 Mccormick Terrace, ,Jacksonville,FL,32209,2017-10-01 07:57:36,2017-12-26 07:15:21
322,322,5007668887348312,mastercard,4,2023,78907 Messerschmidt Plaza, ,Hampton,VA,23663,2018-05-15 05:40:57,2018-09-05 08:15:59
323,323,343793128471808,americanexpress,2,2028,39568 Vera Terrace, ,Garden Grove,CA,92844,2018-06-17 06:45:09,2017-07-30 02:57:20
324,324,3579693188031345,jcb,6,2022,236 Ridgeview Park, ,Albany,GA,31704,2018-01-31 19:26:52,2017-11-03 12:29:52
325,325,5100137698853882,mastercard,5,2023,9 Nobel Alley, ,Washington,DC,20470,2017-07-11 09:39:18,2018-05-18 05:26:25
326,326,4289166574822618,visa,3,2022,0 Randy Hill, ,Indianapolis,IN,46231,2017-06-28 13:19:59,2018-04-29 04:22:03
327,327,30061655990444,diners-club-carte-blanche,3,2024,8880 Calypso Parkway, ,Las Vegas,NV,89115,2017-07-04 09:26:56,2018-05-31 09:36:48
328,328,3544205894002924,jcb,6,2021,48 Bunker Hill Point, ,Sacramento,CA,94245,2017-12-13 05:51:15,2018-01-27 21:40:33
329,329,201829842127176,diners-club-enroute,12,2021,61625 Calypso Center, ,Amarillo,TX,79182,2017-12-07 02:39:42,2017-06-23 11:15:30
330,330,6375221555966692,instapayment,2,2023,042 Charing Cross Avenue, ,Austin,TX,78710,2018-03-08 08:50:28,2018-06-30 21:49:49
331,331,3570485976943503,jcb,11,2024,464 Sherman Junction, ,Tulsa,OK,74108,2017-06-21 04:31:07,2018-01-24 13:11:47
332,332,5002357846895838,mastercard,4,2020,99 Fairview Avenue, ,Kingsport,TN,37665,2017-12-18 07:46:15,2017-12-31 11:39:23
333,333,5610426946532411,bankcard,2,2022,973 Sauthoff Junction, ,Mc Keesport,PA,15134,2017-06-18 12:39:37,2018-05-21 19:36:13
334,334,5610523239543954,bankcard,12,2025,56858 Burrows Point, ,Albuquerque,NM,87110,2018-02-07 15:31:42,2017-07-17 01:58:39
335,335,3541800495458948,jcb,9,2027,698 Mayfield Drive, ,New York City,NY,10029,2017-06-24 07:18:23,2017-06-21 08:03:04
336,336,3578202290818192,jcb,6,2022,32 Fairfield Drive, ,Monroe,LA,71213,2017-08-25 07:39:36,2018-05-09 02:02:17
337,337,3569596312599743,jcb,2,2021,23 Linden Terrace, ,Saint Louis,MO,63131,2018-02-03 10:54:45,2017-08-18 20:07:27
338,338,3529346208352198,jcb,8,2020,20604 Caliangt Place, ,Tuscaloosa,AL,35405,2017-06-30 23:06:44,2017-08-01 04:24:56
339,339,3577578920192731,jcb,9,2028,61493 Dexter Parkway, ,Columbus,OH,43215,2018-04-11 04:12:18,2017-10-02 19:20:50
340,340,3550719375537118,jcb,12,2021,0 Esch Road, ,Columbus,GA,31904,2017-07-28 23:26:43,2017-09-04 23:55:38
341,341,67590710771047288,maestro,8,2021,04 Elmside Junction, ,Saginaw,MI,48609,2018-05-14 20:44:41,2018-04-02 04:14:44
342,342,5565466367622247,diners-club-us-ca,9,2020,407 Katie Center, ,Fresno,CA,93709,2017-10-14 07:58:17,2018-02-10 07:06:01
343,343,3573857066581764,jcb,11,2021,98 Stuart Court, ,Johnson City,TN,37605,2017-12-28 02:09:06,2017-12-02 00:26:48
344,344,4913115736803325,visa-electron,8,2028,2403 Dwight Alley, ,Lansing,MI,48901,2018-02-13 19:05:36,2017-10-30 10:43:03
345,345,30585770672792,diners-club-carte-blanche,12,2022,8 New Castle Way, ,Virginia Beach,VA,23471,2018-03-16 08:00:02,2018-03-08 15:22:51
346,346,6709224208564086949,laser,6,2024,090 Prairieview Plaza, ,Salt Lake City,UT,84120,2017-12-10 00:37:07,2018-08-17 00:08:04
347,347,6331109747030381,switch,7,2023,43994 Golf Street, ,Cleveland,OH,44191,2018-04-25 12:16:54,2018-05-06 11:30:10
348,348,201772297043227,diners-club-enroute,9,2030,73 Kipling Terrace, ,Washington,DC,20319,2017-11-05 21:53:55,2018-03-25 23:36:11
349,349,3564661861795970,jcb,10,2023,37 Linden Pass, ,Tampa,FL,33661,2018-08-19 11:06:25,2018-01-22 14:45:14
350,350,3580350975172314,jcb,7,2030,340 Waubesa Point, ,Houston,TX,77260,2017-12-07 06:26:19,2018-01-07 20:31:55
351,351,67098258996810392,laser,1,2026,972 Russell Park, ,Wichita,KS,67215,2017-12-05 22:05:05,2017-07-08 01:03:36
352,352,3576746126882758,jcb,6,2025,34 Eagle Crest Parkway, ,San Antonio,TX,78260,2018-05-26 09:20:47,2017-09-19 12:25:12
353,353,3582387482956324,jcb,2,2022,72 Redwing Road, ,El Paso,TX,79945,2017-08-05 11:15:29,2018-06-02 12:00:55
354,354,3566798213871220,jcb,6,2021,14 Gale Parkway, ,Tampa,FL,33610,2018-05-23 15:23:21,2018-06-09 13:16:05
355,355,3586393489194584,jcb,3,2022,2981 Raven Circle, ,Phoenix,AZ,85035,2018-05-21 20:10:37,2017-11-20 10:32:49
356,356,342518828289015,americanexpress,10,2027,55847 Moose Parkway, ,Washington,DC,20508,2018-06-29 00:50:07,2018-06-19 00:44:58
357,357,5223153652757839,mastercard,8,2029,768 Calypso Trail, ,Los Angeles,CA,90025,2017-11-28 00:04:02,2018-04-16 16:36:23
358,358,3537574363094673,jcb,11,2023,2 Dexter Hill, ,Birmingham,AL,35205,2018-05-02 05:44:52,2017-12-14 20:08:34
359,359,3575600153606468,jcb,7,2025,115 Mitchell Way, ,Charleston,WV,25336,2018-08-23 19:31:43,2018-04-17 07:02:21
360,360,670652340003232221,laser,5,2030,9 Arkansas Road, ,El Paso,TX,88525,2018-08-18 07:37:27,2018-05-17 03:49:02
361,361,5002352716966785,mastercard,5,2029,578 Holy Cross Center, ,Columbia,SC,29225,2018-07-25 04:09:01,2018-03-26 22:38:46
362,362,5002359278439770,mastercard,12,2030,47 Rockefeller Hill, ,Cincinnati,OH,45228,2018-03-08 00:29:05,2017-07-30 12:38:48
363,363,337941627950701,americanexpress,2,2026,4160 Dwight Street, ,Charlottesville,VA,22908,2018-08-16 18:31:55,2017-09-28 19:53:44
364,364,3542466731383172,jcb,2,2021,0 Ridge Oak Street, ,Erie,PA,16550,2018-02-09 08:19:43,2018-04-30 10:08:28
365,365,36114684836122,diners-club-international,11,2024,26814 Vera Way, ,Muskegon,MI,49444,2017-06-15 01:06:58,2017-07-25 12:08:21
366,366,3540584708678838,jcb,5,2023,27857 Clarendon Drive, ,Lincoln,NE,68517,2018-07-01 04:06:54,2018-04-29 17:17:08
367,367,374622094040978,americanexpress,5,2030,6 Meadow Vale Hill, ,Shawnee Mission,KS,66286,2018-01-04 02:04:50,2018-05-31 10:31:23
368,368,373562477771834,americanexpress,1,2023,410 Northport Alley, ,Detroit,MI,48206,2018-03-07 08:16:55,2017-08-06 23:48:21
369,369,3588596113007927,jcb,10,2027,4 4th Park, ,Chicago,IL,60681,2017-08-14 21:28:57,2017-10-07 06:03:25
370,370,5602242326788063,bankcard,3,2027,1958 Debs Court, ,Daytona Beach,FL,32118,2018-01-17 12:19:30,2018-08-13 05:29:44
371,371,490320811332457452,switch,4,2027,80 Washington Terrace, ,Washington,DC,20392,2018-03-27 16:40:13,2018-04-16 20:44:21
372,372,3538421061741073,jcb,1,2023,14853 Summer Ridge Street, ,Waterbury,CT,06726,2018-03-14 20:16:51,2017-06-06 07:01:46
373,373,06047325117298326,maestro,12,2026,44488 Anderson Road, ,Washington,DC,20409,2018-05-31 20:42:45,2017-07-14 15:25:05
374,374,341607520091273,americanexpress,3,2024,5 Melvin Point, ,Pasadena,CA,91125,2017-10-18 15:59:00,2017-11-04 20:24:05
375,375,5602226415849399,bankcard,11,2023,10698 Dunning Parkway, ,Miami,FL,33111,2017-11-15 03:48:15,2018-08-29 13:58:43
376,376,3580947597740145,jcb,6,2027,34 West Lane, ,Roanoke,VA,24020,2018-01-02 12:02:39,2017-09-04 23:01:42
377,377,3552247058018576,jcb,2,2023,37 Hudson Point, ,New York City,NY,10249,2018-08-17 08:40:30,2018-05-22 20:48:02
378,378,3575711687844689,jcb,4,2026,85888 Green Ridge Hill, ,Washington,DC,20078,2018-02-22 10:37:48,2017-09-27 02:20:58
379,379,3560281977871583,jcb,10,2024,3 Express Trail, ,Albany,NY,12227,2018-06-12 05:24:32,2017-06-26 05:02:35
380,380,201749715490743,diners-club-enroute,3,2021,7352 Magdeline Point, ,Boise,ID,83716,2017-07-18 18:17:21,2017-08-25 14:47:45
381,381,3545167033575666,jcb,8,2023,20035 Melrose Point, ,Dallas,TX,75392,2018-02-14 14:41:48,2018-01-13 08:06:11
382,382,4041595484726,visa,3,2024,1953 Ilene Road, ,El Paso,TX,79984,2017-07-28 05:46:55,2017-07-26 07:16:58
383,383,3571901643319314,jcb,6,2026,6 Forster Center, ,Tacoma,WA,98417,2017-07-28 10:45:42,2018-02-05 10:23:49
384,384,201808131026588,diners-club-enroute,9,2023,7914 Russell Crossing, ,Grand Rapids,MI,49518,2018-07-25 21:35:25,2018-06-17 20:17:28
385,385,30222303220739,diners-club-carte-blanche,9,2029,93968 8th Trail, ,Minneapolis,MN,55458,2017-06-06 05:30:15,2018-07-04 13:39:23
386,386,5602250897048607778,china-unionpay,9,2029,593 Clove Terrace, ,Fort Worth,TX,76110,2018-06-10 19:45:32,2018-07-23 16:50:07
387,387,3586175985231980,jcb,3,2030,17785 Jenna Lane, ,Bronx,NY,10469,2018-02-27 20:43:24,2018-08-13 13:33:19
388,388,3578539414972144,jcb,12,2030,300 Fairview Street, ,Omaha,NE,68124,2018-05-18 18:35:34,2018-01-26 03:57:02
389,389,3566169245740637,jcb,7,2022,2497 Petterle Court, ,Hollywood,FL,33028,2018-01-10 03:50:58,2018-08-02 07:33:01
390,390,3564936292642656,jcb,7,2020,24 Cascade Junction, ,Louisville,KY,40215,2017-10-04 22:22:24,2017-12-21 20:24:57
391,391,3571873967294003,jcb,9,2027,15 Bayside Junction, ,Chattanooga,TN,37410,2018-02-16 16:08:39,2018-07-01 21:43:26
392,392,3553490947471197,jcb,8,2027,433 Sunbrook Center, ,Akron,OH,44393,2018-05-17 05:30:20,2017-11-01 14:28:16
393,393,3579185041316054,jcb,3,2030,812 Memorial Court, ,Oklahoma City,OK,73135,2018-07-10 17:57:43,2017-10-31 01:54:24
394,394,3547611008450981,jcb,7,2024,73 Service Park, ,El Paso,TX,88530,2018-02-22 16:31:39,2018-03-03 03:36:16
395,395,4508098286072965,visa-electron,4,2024,1 Lunder Park, ,Birmingham,AL,35242,2018-07-21 15:15:35,2017-11-20 23:03:04
396,396,5641826236054302,switch,4,2028,197 Glacier Hill Trail, ,Peoria,IL,61629,2018-05-26 09:28:38,2018-08-07 11:37:48
397,397,3580195233235480,jcb,8,2024,9 Forster Park, ,Idaho Falls,ID,83405,2018-01-02 13:17:35,2018-08-02 02:58:59
398,398,3581773597521593,jcb,4,2028,51 Superior Park, ,Lexington,KY,40510,2018-03-12 18:21:52,2018-07-05 21:04:58
399,399,3538631898644759,jcb,1,2025,451 Milwaukee Junction, ,Oxnard,CA,93034,2018-04-24 06:13:33,2018-05-14 03:34:37
400,400,3536984888752666,jcb,7,2023,8 Nova Alley, ,Houston,TX,77276,2018-05-07 07:18:28,2017-11-12 11:01:43
401,401,374288471293778,americanexpress,8,2026,05867 Dorton Lane, ,San Diego,CA,92137,2017-08-15 03:01:55,2017-09-14 14:33:17
402,402,3552479672252337,jcb,2,2026,0722 Gale Hill, ,Pueblo,CO,81010,2018-01-04 08:33:22,2017-07-02 14:36:56
403,403,3569765269741133,jcb,11,2020,75197 Dahle Terrace, ,Birmingham,AL,35231,2017-07-13 01:12:47,2018-07-18 01:19:08
404,404,3541172859612092,jcb,9,2022,604 Oakridge Road, ,Hamilton,OH,45020,2017-07-16 10:11:41,2018-08-19 17:13:16
405,405,3538340834330347,jcb,8,2027,829 Claremont Center, ,Manassas,VA,22111,2018-02-14 14:43:09,2018-07-02 12:26:19
406,406,3528632396592955,jcb,4,2029,58549 Corscot Court, ,New York City,NY,10014,2017-08-21 12:05:25,2017-09-28 16:14:09
407,407,3574449353117574,jcb,3,2024,63670 Thierer Lane, ,Indianapolis,IN,46239,2017-11-29 14:19:16,2017-12-17 18:26:10
408,408,56022142004823536,china-unionpay,2,2024,834 Caliangt Junction, ,Manchester,NH,03105,2017-07-04 01:51:20,2018-06-02 16:31:57
409,409,201856901267452,diners-club-enroute,5,2024,721 Bartillon Parkway, ,Atlanta,GA,31132,2017-11-18 15:12:31,2018-04-21 02:59:17
410,410,67067253151740861,laser,9,2022,39210 Crowley Crossing, ,Columbus,OH,43268,2017-07-21 15:21:57,2018-09-08 18:35:31
411,411,6371323707297788,instapayment,12,2027,5 Vermont Alley, ,Baltimore,MD,21229,2018-07-11 03:33:59,2017-12-15 08:49:19
412,412,502030063780357494,maestro,4,2025,62862 Hallows Road, ,Charleston,WV,25336,2018-03-08 20:17:55,2018-04-19 17:25:02
413,413,3553096392485556,jcb,7,2030,34215 Arapahoe Circle, ,Lansing,MI,48930,2017-09-07 19:40:00,2018-03-11 14:02:16
414,414,374283042630368,americanexpress,6,2028,9 Lighthouse Bay Plaza, ,Little Rock,AR,72209,2018-01-21 12:59:59,2018-05-19 19:56:54
415,415,3559647082007094,jcb,11,2025,4671 Hooker Place, ,North Hollywood,CA,91606,2017-09-27 23:19:33,2017-09-09 22:51:38
416,416,3579053749089326,jcb,7,2029,564 Annamark Alley, ,Racine,WI,53405,2017-09-17 20:58:13,2018-05-02 11:11:23
417,417,675946401841569417,switch,2,2026,51167 Pine View Way, ,Washington,DC,20073,2018-08-22 04:38:39,2018-08-22 11:42:46
418,418,3582199911087666,jcb,6,2030,283 Bluejay Point, ,New Orleans,LA,70179,2017-11-17 02:48:30,2017-07-21 08:44:42
419,419,3563900909747622,jcb,10,2026,49 Ronald Regan Center, ,Charleston,SC,29403,2018-04-25 01:19:46,2018-01-21 03:55:31
420,420,3570719942392696,jcb,8,2021,88292 Eliot Center, ,Ogden,UT,84403,2018-09-04 21:38:11,2017-07-09 00:26:45
421,421,3536394170515534,jcb,11,2022,7 Lyons Point, ,Baltimore,MD,21239,2017-11-04 03:36:21,2017-07-14 03:20:29
422,422,5602247772031421,bankcard,6,2028,3 Twin Pines Center, ,Whittier,CA,90610,2018-04-22 14:34:51,2017-11-13 09:40:05
423,423,589318894909364262,maestro,5,2030,172 Reindahl Lane, ,Baltimore,MD,21265,2018-03-11 04:42:07,2018-03-05 19:49:27
424,424,3556437735761732,jcb,4,2020,6 Shasta Terrace, ,Raleigh,NC,27605,2017-12-08 11:25:59,2017-10-07 20:27:03
425,425,560223935551582308,china-unionpay,4,2022,66 Hanover Hill, ,Fort Worth,TX,76192,2017-06-03 19:48:24,2018-03-23 18:24:24
426,426,6759417787885273965,maestro,9,2023,5 Huxley Plaza, ,Detroit,MI,48211,2017-10-10 11:21:34,2017-07-18 16:45:24
427,427,5602239712031116,bankcard,8,2030,66871 Elka Plaza, ,Olympia,WA,98516,2017-07-23 11:00:05,2018-05-22 10:40:54
428,428,3580190201452738,jcb,5,2022,755 Farmco Way, ,El Paso,TX,79994,2018-06-27 05:27:16,2017-11-10 22:21:23
429,429,3529133353808616,jcb,1,2024,41528 Lighthouse Bay Way, ,Washington,DC,20397,2018-08-18 00:46:06,2017-12-04 00:17:14
430,430,50388593986764984,maestro,6,2027,6 Hudson Hill, ,Maple Plain,MN,55572,2017-10-06 09:19:57,2017-06-16 23:47:49
431,431,5602228282768272,bankcard,6,2021,70 Jenna Trail, ,Annapolis,MD,21405,2018-08-23 10:30:23,2018-01-02 00:23:16
432,432,5010125818857627,mastercard,12,2020,815 Warner Point, ,Knoxville,TN,37924,2018-04-08 13:23:49,2018-03-24 08:03:43
433,433,3568366856351872,jcb,2,2021,9672 High Crossing Terrace, ,Las Vegas,NV,89130,2017-11-17 12:58:49,2018-05-01 01:21:49
434,434,3589217647053449,jcb,3,2024,0651 Lotheville Park, ,Chattanooga,TN,37450,2018-04-29 07:27:22,2017-07-28 14:57:42
435,435,201699756125403,diners-club-enroute,3,2021,50 Myrtle Junction, ,Birmingham,AL,35263,2017-10-13 15:57:43,2018-08-17 10:37:34
436,436,5048370860340181,mastercard,2,2024,47 Lerdahl Avenue, ,New Brunswick,NJ,08922,2018-03-24 14:42:49,2018-05-29 18:22:14
437,437,347307381394833,americanexpress,2,2026,6283 Delladonna Alley, ,Atlanta,GA,30380,2018-03-18 05:38:25,2018-08-31 12:00:28
438,438,06042875518261724,maestro,6,2020,55 Commercial Way, ,Tampa,FL,33661,2017-10-21 15:55:52,2017-11-15 11:57:15
439,439,4936600614343166,switch,10,2027,7779 Reinke Center, ,Atlanta,GA,30323,2017-09-18 01:41:31,2017-08-11 03:02:49
440,440,3532066211565470,jcb,5,2030,14393 Westport Road, ,Huntington,WV,25705,2018-03-03 06:13:07,2018-03-31 02:25:10
441,441,5441399880228558,mastercard,6,2029,4 Monica Park, ,Wilmington,DE,19886,2018-03-26 15:20:49,2018-01-16 08:45:24
442,442,3575855687068912,jcb,2,2023,0 Manufacturers Circle, ,Killeen,TX,76544,2018-09-01 11:23:58,2018-08-21 00:26:55
443,443,5108751370547117,mastercard,6,2021,05467 High Crossing Pass, ,Pittsburgh,PA,15205,2018-05-18 22:55:41,2018-01-30 22:56:06
444,444,3577471192963874,jcb,2,2023,9984 Becker Road, ,Washington,DC,20067,2018-07-23 03:26:28,2017-06-15 00:39:11
445,445,5135541626466106,mastercard,11,2026,658 Fisk Way, ,Wilkes Barre,PA,18706,2018-05-09 12:24:46,2017-11-28 21:27:01
446,446,4844637486714307,visa-electron,7,2027,7 Coleman Street, ,Kansas City,MO,64193,2018-03-21 05:02:30,2018-02-08 04:05:26
447,447,0604912670193504863,maestro,5,2024,713 Oak Valley Place, ,Macon,GA,31205,2017-07-30 17:10:00,2017-11-25 18:52:22
448,448,30476054268533,diners-club-carte-blanche,9,2029,76 Packers Junction, ,Dallas,TX,75310,2018-07-14 10:02:12,2018-06-18 19:56:24
449,449,4917659354544667,visa-electron,1,2024,569 Lillian Plaza, ,Harrisburg,PA,17121,2018-02-22 11:04:44,2018-01-03 19:38:14
450,450,4041590360047347,visa,7,2024,8 Heffernan Plaza, ,Fort Worth,TX,76162,2018-09-09 20:31:14,2017-10-26 09:09:52
451,451,67638783215554791,maestro,10,2021,1095 Tennyson Park, ,Kansas City,KS,66105,2018-01-29 11:50:08,2017-07-16 05:43:41
452,452,30219435108972,diners-club-carte-blanche,9,2029,9 Darwin Crossing, ,Boise,ID,83711,2017-12-29 18:52:28,2018-05-05 17:36:13
453,453,5602243067655641417,china-unionpay,2,2027,38740 Di Loreto Terrace, ,Monticello,MN,55585,2018-01-28 16:04:26,2017-10-25 14:49:06
454,454,201494578913750,diners-club-enroute,10,2028,2 Kenwood Plaza, ,Tampa,FL,33615,2018-06-26 14:50:12,2018-06-15 09:50:35
455,455,3533433573874800,jcb,5,2023,22 Onsgard Parkway, ,Santa Barbara,CA,93150,2018-03-07 21:17:17,2018-06-14 15:25:19
456,456,5316958144519144,mastercard,8,2024,8217 Bayside Avenue, ,Cincinnati,OH,45213,2017-10-03 04:15:48,2017-08-12 02:23:48
457,457,3587871626669427,jcb,4,2027,28 Mitchell Pass, ,Vero Beach,FL,32969,2018-02-11 08:31:52,2017-08-29 08:15:14
458,458,3545685485532604,jcb,10,2024,35 Riverside Terrace, ,Columbus,OH,43240,2017-12-05 22:27:43,2017-07-13 19:39:59
459,459,374622455379973,americanexpress,11,2022,218 Ludington Center, ,Newport News,VA,23612,2018-08-22 08:42:25,2017-06-13 19:12:08
460,460,3570393856828903,jcb,10,2027,75 Mosinee Court, ,Evansville,IN,47719,2018-01-19 12:47:45,2017-06-14 22:47:08
461,461,30565700099357,diners-club-carte-blanche,11,2028,271 Almo Park, ,Norman,OK,73071,2018-04-21 05:17:36,2018-08-20 16:09:42
462,462,3583259077970011,jcb,1,2023,5044 4th Place, ,Portland,OR,97240,2017-11-14 14:51:26,2018-03-31 22:13:26
463,463,564182073240616849,switch,10,2025,0 Division Lane, ,Santa Clara,CA,95054,2018-06-30 18:07:32,2018-03-06 08:18:20
464,464,6304152025271956420,maestro,5,2028,0 Merrick Crossing, ,Greeley,CO,80638,2017-06-11 07:59:01,2018-06-16 22:48:48
465,465,3574108189594709,jcb,6,2024,95 Drewry Circle, ,Reading,PA,19610,2017-10-08 23:38:54,2018-01-17 11:05:38
466,466,560223442470557347,china-unionpay,12,2020,24 Bultman Place, ,Fort Myers,FL,33994,2017-10-06 22:22:11,2017-07-17 20:37:09
467,467,3539528669562542,jcb,1,2021,96056 Lunder Terrace, ,Portland,ME,04109,2017-11-15 14:14:36,2017-09-14 15:21:02
468,468,5048371799608672,mastercard,10,2022,1688 Anzinger Alley, ,Indianapolis,IN,46254,2018-06-04 03:36:53,2017-08-01 15:27:06
469,469,30438875294734,diners-club-carte-blanche,3,2022,723 Center Terrace, ,Newton,MA,02458,2017-10-06 18:49:32,2018-01-02 10:34:19
470,470,4508935097818252,visa-electron,9,2026,09 Victoria Crossing, ,Saint Louis,MO,63196,2017-12-06 20:26:51,2017-07-04 23:07:44
471,471,5602223664997340775,china-unionpay,3,2029,4 Norway Maple Place, ,Denver,CO,80262,2017-12-12 09:49:29,2018-08-09 02:54:04
472,472,3533962254387369,jcb,11,2022,1874 Almo Park, ,Yonkers,NY,10705,2017-06-10 13:35:32,2017-10-16 03:17:41
473,473,3577381576162003,jcb,6,2020,2476 Barby Center, ,Erie,PA,16522,2018-01-26 09:21:45,2017-10-28 19:47:28
474,474,4936551305113048,switch,9,2023,1 Hoard Crossing, ,Minneapolis,MN,55458,2018-04-20 14:09:33,2017-10-19 10:13:48
475,475,4175000783487896,visa-electron,5,2024,911 Sauthoff Lane, ,San Diego,CA,92137,2018-02-08 16:51:24,2017-06-11 01:39:08
476,476,3587423185330619,jcb,3,2030,89 Randy Plaza, ,Nashville,TN,37250,2017-06-13 19:20:25,2018-08-18 14:20:14
477,477,4851995589062473,visa,1,2021,7 Maple Wood Court, ,Newark,DE,19714,2018-07-22 18:33:50,2018-03-02 04:48:54
478,478,3550737219536401,jcb,8,2030,90 Clemons Park, ,Omaha,NE,68105,2018-07-12 02:28:57,2018-04-18 02:19:43
479,479,3555451071870289,jcb,8,2020,37796 Division Junction, ,Long Beach,CA,90847,2018-09-09 10:08:26,2017-10-08 17:58:47
480,480,6304147400279822775,laser,9,2027,0743 Stone Corner Trail, ,Des Moines,IA,50310,2018-09-11 01:07:28,2017-09-01 01:29:07
481,481,374622595483479,americanexpress,7,2023,7 Chive Alley, ,Sacramento,CA,94230,2018-01-04 20:36:04,2017-10-05 11:34:19
482,482,5602233986735932,bankcard,5,2023,59 Grover Crossing, ,Tacoma,WA,98405,2018-03-20 10:44:46,2018-04-15 10:33:40
483,483,3559511437846715,jcb,3,2028,155 Harper Parkway, ,Billings,MT,59105,2017-12-06 00:13:27,2018-03-19 02:19:34
484,484,3542514306182139,jcb,4,2023,7 Stuart Lane, ,Austin,TX,78710,2017-12-09 20:29:56,2018-05-06 10:23:30
485,485,6333905147198835286,switch,9,2025,4 Westport Way, ,Clearwater,FL,33763,2018-08-30 01:22:24,2018-05-13 21:56:50
486,486,5641823696406346,switch,8,2027,1590 Spaight Center, ,Jacksonville,FL,32244,2017-09-02 21:51:42,2017-06-10 11:46:50
487,487,3533182083678207,jcb,5,2023,01547 North Lane, ,Colorado Springs,CO,80910,2017-10-20 07:36:44,2018-03-23 22:50:51
488,488,5602237313683962,bankcard,2,2021,74931 Hoard Circle, ,Fort Worth,TX,76105,2018-07-10 22:24:01,2018-02-12 13:06:27
489,489,3555206017471422,jcb,11,2028,952 6th Park, ,West Palm Beach,FL,33421,2018-02-01 18:45:31,2017-11-09 19:17:31
490,490,5048379568394366,mastercard,9,2025,8047 Merchant Trail, ,San Antonio,TX,78265,2017-08-18 12:39:04,2018-05-28 23:15:10
491,491,3548140321270495,jcb,8,2023,882 Sloan Hill, ,Brooksville,FL,34605,2017-12-13 17:30:30,2018-06-28 18:38:58
492,492,5212367315976478,mastercard,6,2027,42 Bellgrove Terrace, ,Evansville,IN,47705,2017-07-23 07:57:39,2017-06-26 19:07:36
493,493,5602218719365818,bankcard,5,2024,9350 Oakridge Hill, ,New York City,NY,10029,2017-08-25 04:04:16,2018-05-04 14:33:20
494,494,5010125668920541,mastercard,9,2023,92 Sutherland Court, ,Saint Petersburg,FL,33710,2018-03-09 07:57:09,2017-11-16 05:24:29
495,495,374283839761079,americanexpress,2,2028,0516 Summit Plaza, ,Stockton,CA,95298,2018-05-18 07:52:12,2017-12-16 03:01:39
496,496,3530344111800954,jcb,6,2022,8713 Bartelt Hill, ,Fort Wayne,IN,46896,2018-06-08 22:58:24,2017-12-30 22:46:06
497,497,3585668488138554,jcb,9,2021,18 Waywood Hill, ,Pasadena,CA,91131,2018-05-26 01:58:03,2017-08-19 21:22:52
498,498,5007665865932513,mastercard,9,2020,58765 Kenwood Parkway, ,Baton Rouge,LA,70883,2018-05-23 11:05:58,2017-06-29 13:23:14
499,499,4026163806849632,visa-electron,4,2020,950 Texas Center, ,Brooklyn,NY,11220,2018-07-25 09:38:53,2017-07-31 16:13:03
500,500,5048371629410745,mastercard,12,2028,40 Rockefeller Road, ,Dallas,TX,75323,2017-09-28 10:29:21,2017-07-30 17:12:10